Имя,Юзер,Почта,Телефон,Адрес
Leanne Graham,Bret,Sincere@april.biz,1-770-736-8031 x56442,Город Gwenborough улица Kulas Light дом Apt. 556
Ervin Howell,Antonette,Shanna@melissa.tv,010-692-6593 x09125,Город Wisokyburgh улица Victor Plains дом Suite 879
Clementine Bauch,Samantha,Nathan@yesenia.net,1-463-123-4447,Город McKenziehaven улица Douglas Extension дом Suite 847
Patricia Lebsack,Karianne,Julianne.OConner@kory.org,493-170-9623 x156,Город South Elvis улица Hoeger Mall дом Apt. 692
Chelsey Dietrich,Kamren,Lucio_Hettinger@annie.ca,(254)954-1289,Город Roscoeview улица Skiles Walks дом Suite 351
Mrs. Dennis Schulist,Leopoldo_Corkery,Karley_Dach@jasper.info,1-477-935-8478 x6430,Город South Christy улица Norberto Crossing дом Apt. 950
Kurtis Weissnat,Elwyn.Skiles,Telly.Hoeger@billy.biz,210.067.6132,Город Howemouth улица Rex Trail дом Suite 280
Nicholas Runolfsdottir V,Maxime_Nienow,Sherwood@rosamond.me,586.493.6943 x140,Город Aliyaview улица Ellsworth Summit дом Suite 729
Glenna Reichert,Delphine,Chaim_McDermott@dana.io,(775)976-6794 x41206,Город Bartholomebury улица Dayna Park дом Suite 449
Clementina DuBuque,Moriah.Stanton,Rey.Padberg@karina.biz,024-648-3804,Город Lebsackbury улица Kattie Turnpike дом Suite 198
